omega,F,C,S,tau_R_steps,q1,q2
4.438354620316347,-3.438354620316347,0.0008022977065649493,-0.0,4.365860160724495,0.13742393117664767,1.0
